year,month,date,brent_price_usd,oil_trade_usd_invoicing_pct,oil_trade_non_usd_pct,china_rmb_xborder_settlement_pct,russia_china_trade_local_currency_pct,india_oil_imports_non_usd_pct,usd_global_fx_reserves_pct,cny_global_fx_reserves_pct,usd_fx_trading_share_pct,petroyuan_ine_futures_volume_klots,brics_gold_reserves_tonnes,mbridge_participating_central_banks,swift_alternative_systems_active,de_dollarization_pressure_index,key_event,data_source
2005,1,2005-01-01,55.35,98.78,1.22,0.64,5.02,2.59,66.38,0.36,87.38,0.0,3970,0,0,3.13,,"BIS, IMF COFER, Atlas Institute 2025, JPMorgan, CFR, Deutsche Bank 2026 + synthetic"
2005,2,2005-02-01,45.99,98.98,1.02,-0.63,5.98,2.18,66.58,0.42,87.17,0.0,3886,0,0,2.78,,"BIS, IMF COFER, Atlas Institute 2025, JPMorgan, CFR, Deutsche Bank 2026 + synthetic"
2005,3,2005-03-01,55.3,98.24,1.76,0.56,6.18,2.58,66.43,0.44,87.45,0.0,3992,0,0,3.66,,"BIS, IMF COFER, Atlas Institute 2025, JPMorgan, CFR, Deutsche Bank 2026 + synthetic"
2005,4,2005-04-01,56.89,98.69,1.31,0.13,5.29,1.24,66.49,0.45,87.26,0.0,3971,0,0,2.9,,"BIS, IMF COFER, Atlas Institute 2025, JPMorgan, CFR, Deutsche Bank 2026 + synthetic"
2005,5,2005-05-01,58.59,98.76,1.24,0.87,5.55,2.14,66.49,0.41,87.36,0.0,3996,0,0,3.32,,"BIS, IMF COFER, Atlas Institute 2025, JPMorgan, CFR, Deutsche Bank 2026 + synthetic"
2005,6,2005-06-01,56.82,98.89,1.11,0.45,3.31,2.67,66.44,0.42,86.84,0.0,3945,0,0,3.06,,"BIS, IMF COFER, Atlas Institute 2025, JPMorgan, CFR, Deutsche Bank 2026 + synthetic"
2005,7,2005-07-01,54.08,98.49,1.51,0.95,5.63,2.58,66.44,0.49,86.94,0.0,4017,0,0,3.85,,"BIS, IMF COFER, Atlas Institute 2025, JPMorgan, CFR, Deutsche Bank 2026 + synthetic"
2005,8,2005-08-01,54.39,98.53,1.47,0.31,3.83,2.26,66.43,0.46,86.89,0.0,3988,0,0,3.19,,"BIS, IMF COFER, Atlas Institute 2025, JPMorgan, CFR, Deutsche Bank 2026 + synthetic"
2005,9,2005-09-01,59.33,99.02,0.98,1.52,5.57,1.76,66.49,0.42,87.27,0.0,4008,0,0,3.39,,"BIS, IMF COFER, Atlas Institute 2025, JPMorgan, CFR, Deutsche Bank 2026 + synthetic"
2005,10,2005-10-01,50.9,98.62,1.38,1.01,5.71,2.38,66.35,0.39,87.06,0.0,4037,0,0,3.44,,"BIS, IMF COFER, Atlas Institute 2025, JPMorgan, CFR, Deutsche Bank 2026 + synthetic"
2005,11,2005-11-01,53.86,98.49,1.51,0.15,5.3,2.12,66.69,0.35,86.65,0.0,4060,0,0,2.89,,"BIS, IMF COFER, Atlas Institute 2025, JPMorgan, CFR, Deutsche Bank 2026 + synthetic"
2005,12,2005-12-01,50.28,98.68,1.32,0.54,7.2,2.38,66.52,0.4,86.64,0.0,4125,0,0,3.44,,"BIS, IMF COFER, Atlas Institute 2025, JPMorgan, CFR, Deutsche Bank 2026 + synthetic"
2006,1,2006-01-01,64.06,98.33,1.67,0.44,4.36,1.03,65.77,0.47,86.84,0.0,4110,0,0,3.03,,"BIS, IMF COFER, Atlas Institute 2025, JPMorgan, CFR, Deutsche Bank 2026 + synthetic"
2006,2,2006-02-01,65.78,97.95,2.05,1.07,5.75,1.95,65.7,0.5,86.69,0.0,4159,0,0,3.9,,"BIS, IMF COFER, Atlas Institute 2025, JPMorgan, CFR, Deutsche Bank 2026 + synthetic"
2006,3,2006-03-01,66.59,97.44,2.56,0.87,5.04,0.36,65.7,0.43,86.88,0.0,4140,0,0,3.18,,"BIS, IMF COFER, Atlas Institute 2025, JPMorgan, CFR, Deutsche Bank 2026 + synthetic"
2006,4,2006-04-01,65.79,98.17,1.83,1.16,4.53,0.65,65.69,0.32,86.99,0.0,4278,0,0,2.74,,"BIS, IMF COFER, Atlas Institute 2025, JPMorgan, CFR, Deutsche Bank 2026 + synthetic"
2006,5,2006-05-01,68.65,98.61,1.39,0.26,4.67,0.43,65.72,0.39,86.29,0.0,4166,0,0,2.47,,"BIS, IMF COFER, Atlas Institute 2025, JPMorgan, CFR, Deutsche Bank 2026 + synthetic"
2006,6,2006-06-01,66.4,98.13,1.87,0.71,3.27,0.6,65.45,0.44,86.44,0.0,4230,0,0,2.83,,"BIS, IMF COFER, Atlas Institute 2025, JPMorgan, CFR, Deutsche Bank 2026 + synthetic"
2006,7,2006-07-01,60.92,98.07,1.93,0.01,4.49,1.31,65.89,0.34,87.07,0.0,4193,0,0,2.62,,"BIS, IMF COFER, Atlas Institute 2025, JPMorgan, CFR, Deutsche Bank 2026 + synthetic"
2006,8,2006-08-01,64.61,98.18,1.82,0.58,6.07,0.33,65.87,0.33,86.98,0.0,4277,0,0,2.63,,"BIS, IMF COFER, Atlas Institute 2025, JPMorgan, CFR, Deutsche Bank 2026 + synthetic"
2006,9,2006-09-01,67.73,98.11,1.89,0.45,5.79,0.91,65.37,0.41,86.95,0.0,4289,0,0,3.03,,"BIS, IMF COFER, Atlas Institute 2025, JPMorgan, CFR, Deutsche Bank 2026 + synthetic"
2006,10,2006-10-01,61.08,98.18,1.82,0.72,5.66,0.4,65.85,0.39,86.01,0.0,4323,0,0,2.86,,"BIS, IMF COFER, Atlas Institute 2025, JPMorgan, CFR, Deutsche Bank 2026 + synthetic"
2006,11,2006-11-01,64.2,98.22,1.78,0.57,3.59,1.11,65.43,0.38,86.98,0.0,4237,0,0,2.73,,"BIS, IMF COFER, Atlas Institute 2025, JPMorgan, CFR, Deutsche Bank 2026 + synthetic"
2006,12,2006-12-01,68.63,98.11,1.89,0.81,5.46,0.32,65.62,0.45,86.07,0.0,4345,0,0,3.06,,"BIS, IMF COFER, Atlas Institute 2025, JPMorgan, CFR, Deutsche Bank 2026 + synthetic"
2007,1,2007-01-01,64.36,98.28,1.72,0.98,4.55,2.77,64.46,0.36,87.05,0.0,4343,0,0,3.41,,"BIS, IMF COFER, Atlas Institute 2025, JPMorgan, CFR, Deutsche Bank 2026 + synthetic"
2007,2,2007-02-01,67.61,97.51,2.49,-0.01,3.02,0.0,63.96,0.47,86.28,0.0,4434,0,0,2.64,,"BIS, IMF COFER, Atlas Institute 2025, JPMorgan, CFR, Deutsche Bank 2026 + synthetic"
2007,3,2007-03-01,68.91,98.12,1.88,0.28,5.45,2.01,64.1,0.49,86.7,0.0,4359,0,0,3.51,,"BIS, IMF COFER, Atlas Institute 2025, JPMorgan, CFR, Deutsche Bank 2026 + synthetic"
2007,4,2007-04-01,71.06,98.43,1.57,0.14,4.68,1.07,63.8,0.33,86.41,0.0,4377,0,0,2.45,,"BIS, IMF COFER, Atlas Institute 2025, JPMorgan, CFR, Deutsche Bank 2026 + synthetic"
2007,5,2007-05-01,79.48,98.05,1.95,1.38,3.77,0.69,63.82,0.37,86.16,0.0,4382,0,0,2.96,,"BIS, IMF COFER, Atlas Institute 2025, JPMorgan, CFR, Deutsche Bank 2026 + synthetic"
2007,6,2007-06-01,77.99,98.15,1.85,1.14,4.5,0.41,64.37,0.43,86.63,0.0,4347,0,0,3.04,,"BIS, IMF COFER, Atlas Institute 2025, JPMorgan, CFR, Deutsche Bank 2026 + synthetic"
2007,7,2007-07-01,78.72,97.98,2.02,0.42,4.3,2.67,64.28,0.37,86.2,0.0,4469,0,0,3.29,,"BIS, IMF COFER, Atlas Institute 2025, JPMorgan, CFR, Deutsche Bank 2026 + synthetic"
2007,8,2007-08-01,69.74,98.09,1.91,0.46,4.72,2.81,64.23,0.42,85.84,0.0,4505,0,0,3.51,,"BIS, IMF COFER, Atlas Institute 2025, JPMorgan, CFR, Deutsche Bank 2026 + synthetic"
2007,9,2007-09-01,75.4,97.99,2.01,0.02,6.14,2.98,64.11,0.32,86.17,0.0,4484,0,0,3.25,,"BIS, IMF COFER, Atlas Institute 2025, JPMorgan, CFR, Deutsche Bank 2026 + synthetic"
2007,10,2007-10-01,75.62,98.13,1.87,0.24,3.0,2.8,64.13,0.46,86.16,0.0,4534,0,0,3.37,,"BIS, IMF COFER, Atlas Institute 2025, JPMorgan, CFR, Deutsche Bank 2026 + synthetic"
2007,11,2007-11-01,69.29,97.94,2.06,0.5,3.73,2.47,64.36,0.39,86.33,0.0,4549,0,0,3.27,,"BIS, IMF COFER, Atlas Institute 2025, JPMorgan, CFR, Deutsche Bank 2026 + synthetic"
2007,12,2007-12-01,72.83,97.93,2.07,0.22,5.3,1.86,64.15,0.44,86.38,0.0,4566,0,0,3.31,,"BIS, IMF COFER, Atlas Institute 2025, JPMorgan, CFR, Deutsche Bank 2026 + synthetic"
2008,1,2008-01-01,96.93,98.37,1.63,0.71,5.32,2.06,64.11,0.32,85.55,0.0,4555,0,0,3.01,,"BIS, IMF COFER, Atlas Institute 2025, JPMorgan, CFR, Deutsche Bank 2026 + synthetic"
2008,2,2008-02-01,97.98,97.97,2.03,0.04,4.49,0.25,64.22,0.41,85.92,0.0,4565,0,0,2.55,,"BIS, IMF COFER, Atlas Institute 2025, JPMorgan, CFR, Deutsche Bank 2026 + synthetic"
2008,3,2008-03-01,95.61,97.93,2.07,0.06,5.33,2.65,64.06,0.37,85.92,0.0,4569,0,0,3.27,,"BIS, IMF COFER, Atlas Institute 2025, JPMorgan, CFR, Deutsche Bank 2026 + synthetic"
2008,4,2008-04-01,91.28,97.22,2.78,-0.27,4.59,1.78,63.95,0.38,85.3,0.0,4551,0,0,3.03,,"BIS, IMF COFER, Atlas Institute 2025, JPMorgan, CFR, Deutsche Bank 2026 + synthetic"
2008,5,2008-05-01,97.04,97.72,2.28,0.77,4.41,2.78,64.21,0.35,85.74,0.0,4616,0,0,3.47,,"BIS, IMF COFER, Atlas Institute 2025, JPMorgan, CFR, Deutsche Bank 2026 + synthetic"
2008,6,2008-06-01,103.81,97.99,2.01,1.13,3.19,2.39,64.13,0.34,85.88,0.0,4660,0,0,3.24,,"BIS, IMF COFER, Atlas Institute 2025, JPMorgan, CFR, Deutsche Bank 2026 + synthetic"
2008,7,2008-07-01,94.73,97.87,2.13,0.86,5.24,2.14,64.26,0.35,85.23,0.0,4667,0,0,3.35,,"BIS, IMF COFER, Atlas Institute 2025, JPMorgan, CFR, Deutsche Bank 2026 + synthetic"
2008,8,2008-08-01,105.53,97.82,2.18,0.95,4.7,1.63,64.14,0.36,86.12,0.0,4714,0,0,3.23,,"BIS, IMF COFER, Atlas Institute 2025, JPMorgan, CFR, Deutsche Bank 2026 + synthetic"
2008,9,2008-09-01,90.06,98.1,1.9,0.81,5.56,0.13,64.23,0.42,85.71,0.0,4738,0,0,2.93,,"BIS, IMF COFER, Atlas Institute 2025, JPMorgan, CFR, Deutsche Bank 2026 + synthetic"
2008,10,2008-10-01,98.26,97.18,2.82,0.22,5.11,1.27,64.07,0.38,85.89,0.0,4759,0,0,3.14,,"BIS, IMF COFER, Atlas Institute 2025, JPMorgan, CFR, Deutsche Bank 2026 + synthetic"
2008,11,2008-11-01,94.31,97.65,2.35,0.93,4.7,0.03,63.84,0.26,85.11,0.0,4745,0,0,2.44,,"BIS, IMF COFER, Atlas Institute 2025, JPMorgan, CFR, Deutsche Bank 2026 + synthetic"
2008,12,2008-12-01,94.83,98.15,1.85,0.61,5.25,1.76,64.27,0.41,85.49,0.0,4816,0,0,3.25,,"BIS, IMF COFER, Atlas Institute 2025, JPMorgan, CFR, Deutsche Bank 2026 + synthetic"
2009,1,2009-01-01,56.53,97.87,2.13,-0.41,5.32,2.25,62.25,0.34,85.33,0.0,4793,0,0,2.88,,"BIS, IMF COFER, Atlas Institute 2025, JPMorgan, CFR, Deutsche Bank 2026 + synthetic"
2009,2,2009-02-01,58.41,97.31,2.69,1.14,4.02,0.88,62.03,0.32,85.31,0.0,4824,0,0,3.01,,"BIS, IMF COFER, Atlas Institute 2025, JPMorgan, CFR, Deutsche Bank 2026 + synthetic"
2009,3,2009-03-01,57.52,97.87,2.13,0.49,6.06,0.45,62.04,0.39,85.65,0.0,4843,0,0,2.93,China proposes SDR-based reserve currency (Zhou Xiaochuan),"BIS, IMF COFER, Atlas Institute 2025, JPMorgan, CFR, Deutsche Bank 2026 + synthetic"
2009,4,2009-04-01,62.43,97.76,2.24,0.38,4.26,1.8,62.16,0.41,85.19,0.0,4829,0,0,3.19,,"BIS, IMF COFER, Atlas Institute 2025, JPMorgan, CFR, Deutsche Bank 2026 + synthetic"
2009,5,2009-05-01,60.85,97.87,2.13,0.55,5.01,1.22,62.1,0.44,85.49,0.0,4854,0,0,3.23,,"BIS, IMF COFER, Atlas Institute 2025, JPMorgan, CFR, Deutsche Bank 2026 + synthetic"
2009,6,2009-06-01,62.95,97.41,2.59,0.44,4.72,2.46,62.22,0.44,85.36,0.0,4886,0,0,3.68,,"BIS, IMF COFER, Atlas Institute 2025, JPMorgan, CFR, Deutsche Bank 2026 + synthetic"
2009,7,2009-07-01,64.53,97.66,2.34,0.09,4.05,2.57,62.15,0.39,85.26,0.0,4936,0,0,3.25,,"BIS, IMF COFER, Atlas Institute 2025, JPMorgan, CFR, Deutsche Bank 2026 + synthetic"
2009,8,2009-08-01,68.15,97.19,2.81,1.0,4.5,0.55,62.0,0.35,85.04,0.0,4910,0,0,3.04,,"BIS, IMF COFER, Atlas Institute 2025, JPMorgan, CFR, Deutsche Bank 2026 + synthetic"
2009,9,2009-09-01,63.93,97.78,2.22,0.07,5.31,1.59,61.9,0.46,85.1,0.0,4941,0,0,3.29,,"BIS, IMF COFER, Atlas Institute 2025, JPMorgan, CFR, Deutsche Bank 2026 + synthetic"
2009,10,2009-10-01,54.74,97.97,2.03,0.95,5.04,1.55,62.41,0.51,85.61,0.0,4942,0,0,3.68,,"BIS, IMF COFER, Atlas Institute 2025, JPMorgan, CFR, Deutsche Bank 2026 + synthetic"
2009,11,2009-11-01,63.03,97.17,2.83,0.51,6.18,1.86,62.19,0.43,84.96,0.0,4953,0,0,3.71,,"BIS, IMF COFER, Atlas Institute 2025, JPMorgan, CFR, Deutsche Bank 2026 + synthetic"
2009,12,2009-12-01,60.2,97.47,2.53,0.81,5.59,1.26,62.18,0.35,84.75,0.0,4941,0,0,3.22,,"BIS, IMF COFER, Atlas Institute 2025, JPMorgan, CFR, Deutsche Bank 2026 + synthetic"
2010,1,2010-01-01,77.57,97.44,2.56,0.81,4.06,2.62,61.84,0.44,84.54,0.0,4994,0,0,3.78,,"BIS, IMF COFER, Atlas Institute 2025, JPMorgan, CFR, Deutsche Bank 2026 + synthetic"
2010,2,2010-02-01,78.56,97.57,2.43,0.52,4.25,0.13,61.6,0.47,84.93,0.0,5060,0,0,2.99,,"BIS, IMF COFER, Atlas Institute 2025, JPMorgan, CFR, Deutsche Bank 2026 + synthetic"
2010,3,2010-03-01,86.27,97.24,2.76,-0.05,5.41,0.07,61.73,0.36,84.77,0.0,5048,0,0,2.64,,"BIS, IMF COFER, Atlas Institute 2025, JPMorgan, CFR, Deutsche Bank 2026 + synthetic"
2010,4,2010-04-01,82.24,97.63,2.37,0.9,5.49,2.75,61.73,0.46,85.2,0.0,5069,0,0,4.02,,"BIS, IMF COFER, Atlas Institute 2025, JPMorgan, CFR, Deutsche Bank 2026 + synthetic"
2010,5,2010-05-01,84.5,97.4,2.6,0.87,3.4,2.92,61.67,0.4,85.41,0.0,5094,0,0,3.69,,"BIS, IMF COFER, Atlas Institute 2025, JPMorgan, CFR, Deutsche Bank 2026 + synthetic"
2010,6,2010-06-01,87.82,96.74,3.26,1.59,5.4,0.72,62.1,0.42,85.36,0.0,5192,0,0,3.78,,"BIS, IMF COFER, Atlas Institute 2025, JPMorgan, CFR, Deutsche Bank 2026 + synthetic"
2010,7,2010-07-01,79.68,97.43,2.57,2.21,4.66,1.18,61.87,0.37,84.97,0.0,5183,0,0,3.68,,"BIS, IMF COFER, Atlas Institute 2025, JPMorgan, CFR, Deutsche Bank 2026 + synthetic"
2010,8,2010-08-01,79.74,97.24,2.76,2.82,5.54,1.63,61.6,0.36,85.39,0.0,5221,0,0,4.19,,"BIS, IMF COFER, Atlas Institute 2025, JPMorgan, CFR, Deutsche Bank 2026 + synthetic"
2010,9,2010-09-01,77.18,97.01,2.99,1.46,4.59,0.68,61.84,0.43,85.13,0.0,5205,0,0,3.6,,"BIS, IMF COFER, Atlas Institute 2025, JPMorgan, CFR, Deutsche Bank 2026 + synthetic"
2010,10,2010-10-01,72.89,97.56,2.44,2.8,3.68,0.98,62.04,0.37,84.69,0.0,5257,0,0,3.69,,"BIS, IMF COFER, Atlas Institute 2025, JPMorgan, CFR, Deutsche Bank 2026 + synthetic"
2010,11,2010-11-01,77.7,96.83,3.17,2.75,5.71,0.55,61.42,0.37,85.48,0.0,5269,0,0,3.99,,"BIS, IMF COFER, Atlas Institute 2025, JPMorgan, CFR, Deutsche Bank 2026 + synthetic"
2010,12,2010-12-01,79.98,97.48,2.52,2.96,1.89,2.77,61.82,0.38,85.57,0.0,5344,0,0,4.15,,"BIS, IMF COFER, Atlas Institute 2025, JPMorgan, CFR, Deutsche Bank 2026 + synthetic"
2011,1,2011-01-01,111.36,97.01,2.99,3.72,5.97,2.17,62.29,0.44,85.68,0.0,5314,0,0,5.06,,"BIS, IMF COFER, Atlas Institute 2025, JPMorgan, CFR, Deutsche Bank 2026 + synthetic"
2011,2,2011-02-01,111.08,96.94,3.06,3.43,5.04,0.93,62.06,0.47,85.51,0.0,5375,0,0,4.58,,"BIS, IMF COFER, Atlas Institute 2025, JPMorgan, CFR, Deutsche Bank 2026 + synthetic"
2011,3,2011-03-01,111.98,97.06,2.94,3.82,5.22,1.43,62.24,0.46,85.63,0.0,5369,0,0,4.84,,"BIS, IMF COFER, Atlas Institute 2025, JPMorgan, CFR, Deutsche Bank 2026 + synthetic"
2011,4,2011-04-01,118.23,97.08,2.92,4.41,3.87,1.52,62.45,0.47,85.47,0.0,5451,0,0,4.96,,"BIS, IMF COFER, Atlas Institute 2025, JPMorgan, CFR, Deutsche Bank 2026 + synthetic"
2011,5,2011-05-01,110.51,97.13,2.87,3.9,5.49,0.88,62.69,0.46,86.1,0.0,5464,0,0,4.73,,"BIS, IMF COFER, Atlas Institute 2025, JPMorgan, CFR, Deutsche Bank 2026 + synthetic"
2011,6,2011-06-01,111.09,96.49,3.51,3.44,4.87,1.19,62.06,0.34,85.33,0.0,5509,0,0,4.35,,"BIS, IMF COFER, Atlas Institute 2025, JPMorgan, CFR, Deutsche Bank 2026 + synthetic"
2011,7,2011-07-01,113.63,96.26,3.74,5.1,5.7,0.13,62.38,0.42,86.08,0.0,5584,0,0,5.08,,"BIS, IMF COFER, Atlas Institute 2025, JPMorgan, CFR, Deutsche Bank 2026 + synthetic"
2011,8,2011-08-01,120.21,97.03,2.97,4.73,7.85,0.08,61.98,0.47,85.98,0.0,5550,0,0,5.09,,"BIS, IMF COFER, Atlas Institute 2025, JPMorgan, CFR, Deutsche Bank 2026 + synthetic"
2011,9,2011-09-01,113.16,96.85,3.15,5.59,5.91,1.07,62.4,0.42,86.52,0.0,5579,0,0,5.39,,"BIS, IMF COFER, Atlas Institute 2025, JPMorgan, CFR, Deutsche Bank 2026 + synthetic"
2011,10,2011-10-01,104.97,96.77,3.23,6.33,3.91,2.71,61.91,0.41,86.48,0.0,5646,0,0,5.92,,"BIS, IMF COFER, Atlas Institute 2025, JPMorgan, CFR, Deutsche Bank 2026 + synthetic"
2011,11,2011-11-01,107.25,95.96,4.04,5.8,3.02,2.38,62.4,0.39,85.97,0.0,5672,0,0,5.72,,"BIS, IMF COFER, Atlas Institute 2025, JPMorgan, CFR, Deutsche Bank 2026 + synthetic"
2011,12,2011-12-01,108.34,97.06,2.94,6.34,4.84,1.22,62.59,0.32,86.43,0.0,5678,0,0,5.19,,"BIS, IMF COFER, Atlas Institute 2025, JPMorgan, CFR, Deutsche Bank 2026 + synthetic"
2012,1,2012-01-01,109.23,96.6,3.4,5.36,6.4,2.47,61.65,0.43,86.2,0.0,5708,0,0,5.89,,"BIS, IMF COFER, Atlas Institute 2025, JPMorgan, CFR, Deutsche Bank 2026 + synthetic"
2012,2,2012-02-01,116.94,95.51,4.49,6.11,4.85,1.36,61.44,0.46,86.3,0.0,5740,0,0,6.1,,"BIS, IMF COFER, Atlas Institute 2025, JPMorgan, CFR, Deutsche Bank 2026 + synthetic"
2012,3,2012-03-01,106.21,96.4,3.6,6.11,6.81,2.42,61.07,0.35,86.65,0.0,5747,0,0,5.98,BRICS Durban – trade in local currencies pledge,"BIS, IMF COFER, Atlas Institute 2025, JPMorgan, CFR, Deutsche Bank 2026 + synthetic"
2012,4,2012-04-01,109.56,96.67,3.33,6.98,3.93,2.56,61.52,0.32,86.1,0.0,5831,0,0,5.85,,"BIS, IMF COFER, Atlas Institute 2025, JPMorgan, CFR, Deutsche Bank 2026 + synthetic"
2012,5,2012-05-01,111.58,96.64,3.36,6.12,5.65,1.7,61.25,0.37,86.95,0.0,5872,0,0,5.63,,"BIS, IMF COFER, Atlas Institute 2025, JPMorgan, CFR, Deutsche Bank 2026 + synthetic"
2012,6,2012-06-01,123.2,96.15,3.85,6.99,6.65,0.33,61.6,0.3,86.34,0.0,5900,0,0,5.6,,"BIS, IMF COFER, Atlas Institute 2025, JPMorgan, CFR, Deutsche Bank 2026 + synthetic"
2012,7,2012-07-01,103.4,96.54,3.46,7.03,3.46,0.16,61.53,0.35,87.16,0.0,5909,0,0,5.23,,"BIS, IMF COFER, Atlas Institute 2025, JPMorgan, CFR, Deutsche Bank 2026 + synthetic"
2012,8,2012-08-01,104.76,96.16,3.84,7.06,4.85,1.93,61.36,0.36,86.65,0.0,5914,0,0,6.08,,"BIS, IMF COFER, Atlas Institute 2025, JPMorgan, CFR, Deutsche Bank 2026 + synthetic"
2012,9,2012-09-01,108.68,96.26,3.74,8.31,5.62,2.72,61.54,0.47,86.4,0.0,5870,0,0,7.2,,"BIS, IMF COFER, Atlas Institute 2025, JPMorgan, CFR, Deutsche Bank 2026 + synthetic"
2012,10,2012-10-01,111.98,95.75,4.25,8.67,3.27,0.01,61.47,0.4,86.77,0.0,5946,0,0,6.17,,"BIS, IMF COFER, Atlas Institute 2025, JPMorgan, CFR, Deutsche Bank 2026 + synthetic"
2012,11,2012-11-01,108.53,95.91,4.09,7.87,5.85,2.41,61.71,0.36,86.16,0.0,5976,0,0,6.72,,"BIS, IMF COFER, Atlas Institute 2025, JPMorgan, CFR, Deutsche Bank 2026 + synthetic"
2012,12,2012-12-01,113.9,96.11,3.89,8.52,4.0,1.72,61.68,0.46,86.57,0.0,6053,0,0,6.81,,"BIS, IMF COFER, Atlas Institute 2025, JPMorgan, CFR, Deutsche Bank 2026 + synthetic"
2013,1,2013-01-01,113.22,95.76,4.24,9.05,6.17,2.65,60.86,0.37,86.9,0.0,6099,0,0,7.32,,"BIS, IMF COFER, Atlas Institute 2025, JPMorgan, CFR, Deutsche Bank 2026 + synthetic"
2013,2,2013-02-01,111.62,96.01,3.99,9.92,3.2,1.2,61.29,0.39,87.27,0.0,6099,0,0,6.88,,"BIS, IMF COFER, Atlas Institute 2025, JPMorgan, CFR, Deutsche Bank 2026 + synthetic"
2013,3,2013-03-01,113.72,96.15,3.85,9.34,6.07,0.49,61.14,0.51,86.46,0.0,6148,0,0,7.12,,"BIS, IMF COFER, Atlas Institute 2025, JPMorgan, CFR, Deutsche Bank 2026 + synthetic"
2013,4,2013-04-01,97.95,95.88,4.12,9.99,4.96,0.35,60.85,0.34,86.74,0.0,6152,0,0,6.71,,"BIS, IMF COFER, Atlas Institute 2025, JPMorgan, CFR, Deutsche Bank 2026 + synthetic"
2013,5,2013-05-01,114.48,96.13,3.87,12.57,4.87,0.08,61.3,0.46,87.18,0.0,6204,0,0,7.93,,"BIS, IMF COFER, Atlas Institute 2025, JPMorgan, CFR, Deutsche Bank 2026 + synthetic"
2013,6,2013-06-01,117.58,96.07,3.93,11.26,4.67,0.16,61.45,0.43,87.23,0.0,6271,0,0,7.36,,"BIS, IMF COFER, Atlas Institute 2025, JPMorgan, CFR, Deutsche Bank 2026 + synthetic"
2013,7,2013-07-01,108.81,95.59,4.41,13.14,5.34,2.19,61.01,0.37,86.96,0.0,6246,0,0,8.68,,"BIS, IMF COFER, Atlas Institute 2025, JPMorgan, CFR, Deutsche Bank 2026 + synthetic"
2013,8,2013-08-01,113.55,95.75,4.25,13.6,5.8,1.35,61.05,0.41,87.15,0.0,6325,0,0,8.74,,"BIS, IMF COFER, Atlas Institute 2025, JPMorgan, CFR, Deutsche Bank 2026 + synthetic"
2013,9,2013-09-01,106.9,95.86,4.14,14.81,5.78,2.62,61.05,0.37,86.79,0.0,6349,0,0,9.4,,"BIS, IMF COFER, Atlas Institute 2025, JPMorgan, CFR, Deutsche Bank 2026 + synthetic"
2013,10,2013-10-01,108.92,95.54,4.46,14.74,3.15,2.33,61.46,0.39,86.83,0.0,6410,0,0,9.16,,"BIS, IMF COFER, Atlas Institute 2025, JPMorgan, CFR, Deutsche Bank 2026 + synthetic"
2013,11,2013-11-01,104.73,96.28,3.72,15.42,5.33,0.4,61.33,0.39,86.96,0.0,6369,0,0,8.85,,"BIS, IMF COFER, Atlas Institute 2025, JPMorgan, CFR, Deutsche Bank 2026 + synthetic"
2013,12,2013-12-01,96.46,95.8,4.2,16.23,4.61,1.39,61.37,0.37,87.1,0.0,6428,0,0,9.45,,"BIS, IMF COFER, Atlas Institute 2025, JPMorgan, CFR, Deutsche Bank 2026 + synthetic"
2014,1,2014-01-01,94.71,95.78,4.22,17.08,8.2,1.27,65.21,0.41,86.95,0.0,6478,0,1,10.26,,"BIS, IMF COFER, Atlas Institute 2025, JPMorgan, CFR, Deutsche Bank 2026 + synthetic"
2014,2,2014-02-01,95.82,95.84,4.16,17.77,2.6,1.34,64.58,0.36,87.52,0.0,6456,0,1,9.72,,"BIS, IMF COFER, Atlas Institute 2025, JPMorgan, CFR, Deutsche Bank 2026 + synthetic"
2014,3,2014-03-01,97.81,95.71,4.29,18.44,4.38,2.59,65.08,0.37,87.61,0.0,6486,0,1,10.61,,"BIS, IMF COFER, Atlas Institute 2025, JPMorgan, CFR, Deutsche Bank 2026 + synthetic"
2014,4,2014-04-01,94.43,95.35,4.65,18.81,5.54,2.5,65.09,0.42,86.96,0.0,6543,0,1,11.11,,"BIS, IMF COFER, Atlas Institute 2025, JPMorgan, CFR, Deutsche Bank 2026 + synthetic"
2014,5,2014-05-01,92.31,95.04,4.96,19.79,6.07,0.23,65.09,0.34,86.98,0.0,6618,0,1,10.7,,"BIS, IMF COFER, Atlas Institute 2025, JPMorgan, CFR, Deutsche Bank 2026 + synthetic"
2014,6,2014-06-01,103.48,95.51,4.49,20.15,4.18,1.56,64.78,0.35,86.84,0.0,6636,0,1,10.91,,"BIS, IMF COFER, Atlas Institute 2025, JPMorgan, CFR, Deutsche Bank 2026 + synthetic"
2014,7,2014-07-01,98.8,95.43,4.57,21.12,5.4,1.28,64.78,0.4,87.16,0.0,6573,0,1,11.53,BRICS New Development Bank announced,"BIS, IMF COFER, Atlas Institute 2025, JPMorgan, CFR, Deutsche Bank 2026 + synthetic"
2014,8,2014-08-01,98.71,95.49,4.51,21.38,3.78,0.09,65.17,0.37,87.17,0.0,6590,0,1,10.97,,"BIS, IMF COFER, Atlas Institute 2025, JPMorgan, CFR, Deutsche Bank 2026 + synthetic"
2014,9,2014-09-01,98.09,95.23,4.77,21.89,7.32,2.04,65.16,0.34,87.32,0.0,6686,0,1,12.08,,"BIS, IMF COFER, Atlas Institute 2025, JPMorgan, CFR, Deutsche Bank 2026 + synthetic"
2014,10,2014-10-01,91.96,95.45,4.55,22.44,5.71,0.44,65.24,0.39,87.06,0.0,6701,0,1,11.73,,"BIS, IMF COFER, Atlas Institute 2025, JPMorgan, CFR, Deutsche Bank 2026 + synthetic"
2014,11,2014-11-01,99.09,95.16,4.84,24.13,4.91,0.98,65.43,0.45,87.37,0.0,6777,0,1,12.72,,"BIS, IMF COFER, Atlas Institute 2025, JPMorgan, CFR, Deutsche Bank 2026 + synthetic"
2014,12,2014-12-01,105.68,95.55,4.45,24.96,8.54,2.06,65.28,0.4,86.99,0.0,6751,0,1,13.49,,"BIS, IMF COFER, Atlas Institute 2025, JPMorgan, CFR, Deutsche Bank 2026 + synthetic"
2015,1,2015-01-01,48.55,94.86,5.14,24.92,6.32,1.19,65.97,0.39,87.59,0.0,6839,0,1,13.14,,"BIS, IMF COFER, Atlas Institute 2025, JPMorgan, CFR, Deutsche Bank 2026 + synthetic"
2015,2,2015-02-01,48.55,94.56,5.44,24.39,6.53,0.87,65.92,0.36,87.52,0.0,6872,0,1,12.85,,"BIS, IMF COFER, Atlas Institute 2025, JPMorgan, CFR, Deutsche Bank 2026 + synthetic"
2015,3,2015-03-01,55.19,94.84,5.16,24.46,6.28,2.19,66.07,0.41,87.96,0.0,6901,0,1,13.33,,"BIS, IMF COFER, Atlas Institute 2025, JPMorgan, CFR, Deutsche Bank 2026 + synthetic"
2015,4,2015-04-01,53.36,94.64,5.36,23.89,5.43,2.65,65.81,0.34,87.39,0.0,6940,0,1,13.0,,"BIS, IMF COFER, Atlas Institute 2025, JPMorgan, CFR, Deutsche Bank 2026 + synthetic"
2015,5,2015-05-01,52.05,94.52,5.48,23.59,8.06,1.37,65.8,0.37,87.43,0.0,6891,0,1,12.91,,"BIS, IMF COFER, Atlas Institute 2025, JPMorgan, CFR, Deutsche Bank 2026 + synthetic"
2015,6,2015-06-01,56.58,94.97,5.03,23.1,4.78,1.17,65.82,0.42,87.18,0.0,6956,0,1,12.36,,"BIS, IMF COFER, Atlas Institute 2025, JPMorgan, CFR, Deutsche Bank 2026 + synthetic"
2015,7,2015-07-01,55.58,94.84,5.16,22.19,8.61,0.19,65.78,0.37,87.44,0.0,6996,0,1,12.02,,"BIS, IMF COFER, Atlas Institute 2025, JPMorgan, CFR, Deutsche Bank 2026 + synthetic"
2015,8,2015-08-01,50.33,94.05,5.95,20.82,5.23,1.52,65.81,0.42,87.53,0.0,6996,0,1,11.93,,"BIS, IMF COFER, Atlas Institute 2025, JPMorgan, CFR, Deutsche Bank 2026 + synthetic"
2015,9,2015-09-01,52.39,94.52,5.48,20.89,6.77,1.6,65.69,0.37,87.31,0.0,7080,0,1,11.86,,"BIS, IMF COFER, Atlas Institute 2025, JPMorgan, CFR, Deutsche Bank 2026 + synthetic"
2015,10,2015-10-01,49.69,94.5,5.5,20.37,7.47,1.99,65.95,0.35,87.19,0.0,7072,0,1,11.8,RMB joins SDR basket (approved),"BIS, IMF COFER, Atlas Institute 2025, JPMorgan, CFR, Deutsche Bank 2026 + synthetic"
2015,11,2015-11-01,53.28,94.78,5.22,19.86,6.43,0.5,65.79,0.45,87.87,0.0,7096,0,1,11.28,,"BIS, IMF COFER, Atlas Institute 2025, JPMorgan, CFR, Deutsche Bank 2026 + synthetic"
2015,12,2015-12-01,47.6,94.54,5.46,20.59,7.47,1.18,65.89,0.43,87.0,0.0,7165,0,1,11.89,,"BIS, IMF COFER, Atlas Institute 2025, JPMorgan, CFR, Deutsche Bank 2026 + synthetic"
2016,1,2016-01-01,40.37,94.69,5.31,19.92,9.44,2.54,65.41,1.22,87.48,0.0,7185,0,1,14.86,,"BIS, IMF COFER, Atlas Institute 2025, JPMorgan, CFR, Deutsche Bank 2026 + synthetic"
2016,2,2016-02-01,41.72,94.42,5.58,18.83,6.34,1.21,64.99,1.07,88.32,0.0,7246,0,1,13.28,,"BIS, IMF COFER, Atlas Institute 2025, JPMorgan, CFR, Deutsche Bank 2026 + synthetic"
2016,3,2016-03-01,44.7,94.19,5.81,19.06,9.85,2.84,65.42,1.02,87.54,0.0,7283,0,1,14.15,,"BIS, IMF COFER, Atlas Institute 2025, JPMorgan, CFR, Deutsche Bank 2026 + synthetic"
2016,4,2016-04-01,43.63,93.56,6.44,18.62,10.19,2.06,65.45,1.18,88.3,0.0,7334,0,1,14.5,,"BIS, IMF COFER, Atlas Institute 2025, JPMorgan, CFR, Deutsche Bank 2026 + synthetic"
2016,5,2016-05-01,48.35,94.59,5.41,18.9,9.86,1.56,65.35,1.05,87.63,0.0,7347,0,1,13.7,,"BIS, IMF COFER, Atlas Institute 2025, JPMorgan, CFR, Deutsche Bank 2026 + synthetic"
2016,6,2016-06-01,44.81,94.76,5.24,18.03,8.17,0.67,65.3,1.15,87.68,0.0,7362,0,1,13.2,,"BIS, IMF COFER, Atlas Institute 2025, JPMorgan, CFR, Deutsche Bank 2026 + synthetic"
2016,7,2016-07-01,46.63,94.15,5.85,16.66,10.32,1.44,65.14,1.09,88.02,0.0,7433,0,1,13.15,,"BIS, IMF COFER, Atlas Institute 2025, JPMorgan, CFR, Deutsche Bank 2026 + synthetic"
2016,8,2016-08-01,48.2,93.85,6.15,16.97,9.2,0.63,65.26,1.08,87.67,0.0,7387,0,1,12.94,,"BIS, IMF COFER, Atlas Institute 2025, JPMorgan, CFR, Deutsche Bank 2026 + synthetic"
2016,9,2016-09-01,43.48,93.79,6.21,16.89,10.16,2.66,65.36,1.12,87.83,0.0,7441,0,1,13.78,,"BIS, IMF COFER, Atlas Institute 2025, JPMorgan, CFR, Deutsche Bank 2026 + synthetic"
2016,10,2016-10-01,42.77,93.97,6.03,15.78,8.46,2.88,65.42,1.15,87.47,0.0,7521,0,1,13.3,RMB officially in IMF SDR basket,"BIS, IMF COFER, Atlas Institute 2025, JPMorgan, CFR, Deutsche Bank 2026 + synthetic"
2016,11,2016-11-01,41.66,93.72,6.28,15.71,11.59,1.06,65.78,1.18,87.39,0.0,7519,0,1,13.23,,"BIS, IMF COFER, Atlas Institute 2025, JPMorgan, CFR, Deutsche Bank 2026 + synthetic"
2016,12,2016-12-01,43.84,93.32,6.68,15.29,10.21,0.39,65.21,1.07,87.76,0.0,7581,0,1,12.48,,"BIS, IMF COFER, Atlas Institute 2025, JPMorgan, CFR, Deutsche Bank 2026 + synthetic"
2017,1,2017-01-01,51.29,93.43,6.57,15.3,10.11,0.41,63.41,1.21,88.25,0.0,7640,0,1,12.93,,"BIS, IMF COFER, Atlas Institute 2025, JPMorgan, CFR, Deutsche Bank 2026 + synthetic"
2017,2,2017-02-01,53.32,93.35,6.65,15.37,11.92,2.38,63.97,1.25,87.56,0.0,7645,0,1,13.88,,"BIS, IMF COFER, Atlas Institute 2025, JPMorgan, CFR, Deutsche Bank 2026 + synthetic"
2017,3,2017-03-01,52.34,93.25,6.75,14.66,11.0,2.01,63.62,1.23,88.05,0.0,7661,0,1,13.39,,"BIS, IMF COFER, Atlas Institute 2025, JPMorgan, CFR, Deutsche Bank 2026 + synthetic"
2017,4,2017-04-01,54.76,93.24,6.76,16.08,10.77,0.53,63.85,1.19,87.48,0.0,7634,0,1,13.3,,"BIS, IMF COFER, Atlas Institute 2025, JPMorgan, CFR, Deutsche Bank 2026 + synthetic"
2017,5,2017-05-01,55.79,93.97,6.03,14.83,13.16,2.55,63.88,1.18,87.49,0.0,7800,0,1,13.47,,"BIS, IMF COFER, Atlas Institute 2025, JPMorgan, CFR, Deutsche Bank 2026 + synthetic"
2017,6,2017-06-01,57.31,93.45,6.55,15.86,11.47,0.39,63.84,1.3,87.66,0.0,7776,0,1,13.57,,"BIS, IMF COFER, Atlas Institute 2025, JPMorgan, CFR, Deutsche Bank 2026 + synthetic"
2017,7,2017-07-01,58.34,93.78,6.22,17.0,10.56,0.1,63.85,1.22,87.47,0.0,7825,0,1,13.42,,"BIS, IMF COFER, Atlas Institute 2025, JPMorgan, CFR, Deutsche Bank 2026 + synthetic"
2017,8,2017-08-01,57.02,93.4,6.6,15.89,13.69,1.15,63.94,1.26,87.9,0.0,7815,0,1,13.91,,"BIS, IMF COFER, Atlas Institute 2025, JPMorgan, CFR, Deutsche Bank 2026 + synthetic"
2017,9,2017-09-01,54.61,92.38,7.62,15.51,10.98,1.91,64.16,1.11,88.01,0.0,7831,0,1,13.51,,"BIS, IMF COFER, Atlas Institute 2025, JPMorgan, CFR, Deutsche Bank 2026 + synthetic"
2017,10,2017-10-01,49.41,92.48,7.52,16.66,13.88,0.5,63.99,1.23,87.87,0.0,7889,0,1,14.22,,"BIS, IMF COFER, Atlas Institute 2025, JPMorgan, CFR, Deutsche Bank 2026 + synthetic"
2017,11,2017-11-01,48.19,92.97,7.03,16.17,13.84,2.21,63.84,1.2,87.93,0.0,7969,0,1,14.3,,"BIS, IMF COFER, Atlas Institute 2025, JPMorgan, CFR, Deutsche Bank 2026 + synthetic"
2017,12,2017-12-01,51.38,93.1,6.9,16.13,14.0,1.13,63.81,1.22,88.21,0.0,7972,0,1,14.02,,"BIS, IMF COFER, Atlas Institute 2025, JPMorgan, CFR, Deutsche Bank 2026 + synthetic"
2018,1,2018-01-01,68.52,93.13,6.87,16.71,14.02,0.5,61.87,1.96,88.3,0.0,8001,0,1,16.48,,"BIS, IMF COFER, Atlas Institute 2025, JPMorgan, CFR, Deutsche Bank 2026 + synthetic"
2018,2,2018-02-01,67.56,92.56,7.44,16.65,14.71,2.24,61.8,1.79,88.26,0.0,8091,0,1,16.66,,"BIS, IMF COFER, Atlas Institute 2025, JPMorgan, CFR, Deutsche Bank 2026 + synthetic"
2018,3,2018-03-01,69.49,92.56,7.44,16.8,16.07,1.53,62.01,1.8,88.14,77.0,8096,0,1,16.7,China launches yuan oil futures (INE Shanghai),"BIS, IMF COFER, Atlas Institute 2025, JPMorgan, CFR, Deutsche Bank 2026 + synthetic"
2018,4,2018-04-01,74.8,92.31,7.69,16.99,13.45,0.36,61.59,1.84,87.67,42.0,8206,0,1,16.34,,"BIS, IMF COFER, Atlas Institute 2025, JPMorgan, CFR, Deutsche Bank 2026 + synthetic"
2018,5,2018-05-01,77.18,92.56,7.44,17.49,16.07,2.9,61.77,1.81,87.96,0,8242,0,1,17.4,,"BIS, IMF COFER, Atlas Institute 2025, JPMorgan, CFR, Deutsche Bank 2026 + synthetic"
2018,6,2018-06-01,70.7,92.4,7.6,18.22,16.22,2.2,61.58,1.83,87.82,122.0,8329,0,1,17.58,,"BIS, IMF COFER, Atlas Institute 2025, JPMorgan, CFR, Deutsche Bank 2026 + synthetic"
2018,7,2018-07-01,73.61,92.63,7.37,16.41,15.61,1.96,61.72,1.95,87.96,65.0,8338,0,1,17.12,,"BIS, IMF COFER, Atlas Institute 2025, JPMorgan, CFR, Deutsche Bank 2026 + synthetic"
2018,8,2018-08-01,75.32,92.2,7.8,17.26,15.63,2.21,61.94,1.87,88.31,0,8408,0,1,17.37,,"BIS, IMF COFER, Atlas Institute 2025, JPMorgan, CFR, Deutsche Bank 2026 + synthetic"
2018,9,2018-09-01,71.15,92.49,7.51,17.55,17.53,2.43,61.94,1.87,87.99,83.0,8509,0,1,17.65,,"BIS, IMF COFER, Atlas Institute 2025, JPMorgan, CFR, Deutsche Bank 2026 + synthetic"
2018,10,2018-10-01,67.7,91.84,8.16,17.73,18.4,0.21,61.82,1.92,87.71,62.0,8544,0,1,17.54,,"BIS, IMF COFER, Atlas Institute 2025, JPMorgan, CFR, Deutsche Bank 2026 + synthetic"
2018,11,2018-11-01,71.65,92.38,7.62,18.04,19.26,2.69,61.47,1.88,88.06,93.0,8652,0,1,18.18,,"BIS, IMF COFER, Atlas Institute 2025, JPMorgan, CFR, Deutsche Bank 2026 + synthetic"
2018,12,2018-12-01,64.39,92.43,7.57,17.57,17.43,1.19,61.81,1.92,88.29,132.0,8664,0,1,17.48,,"BIS, IMF COFER, Atlas Institute 2025, JPMorgan, CFR, Deutsche Bank 2026 + synthetic"
2019,1,2019-01-01,58.54,92.15,7.85,18.52,18.07,2.82,61.02,1.92,88.25,182.0,8732,0,1,18.48,Qatar leaves OPEC,"BIS, IMF COFER, Atlas Institute 2025, JPMorgan, CFR, Deutsche Bank 2026 + synthetic"
2019,2,2019-02-01,58.76,91.68,8.32,18.95,19.12,0.55,61.01,1.95,88.19,168.0,8811,0,1,18.29,,"BIS, IMF COFER, Atlas Institute 2025, JPMorgan, CFR, Deutsche Bank 2026 + synthetic"
2019,3,2019-03-01,64.2,91.64,8.36,19.43,20.07,0.83,60.9,1.78,88.52,182.0,8928,0,1,18.11,,"BIS, IMF COFER, Atlas Institute 2025, JPMorgan, CFR, Deutsche Bank 2026 + synthetic"
2019,4,2019-04-01,65.85,92.39,7.61,19.14,20.13,0.63,60.69,1.96,88.56,235.0,8894,0,1,18.35,,"BIS, IMF COFER, Atlas Institute 2025, JPMorgan, CFR, Deutsche Bank 2026 + synthetic"
2019,5,2019-05-01,66.92,91.58,8.42,19.74,19.55,1.76,61.06,2.0,88.27,145.0,9004,0,1,19.21,,"BIS, IMF COFER, Atlas Institute 2025, JPMorgan, CFR, Deutsche Bank 2026 + synthetic"
2019,6,2019-06-01,69.8,91.64,8.36,20.44,21.71,1.25,60.63,1.97,88.05,232.0,9095,0,1,19.45,,"BIS, IMF COFER, Atlas Institute 2025, JPMorgan, CFR, Deutsche Bank 2026 + synthetic"
2019,7,2019-07-01,67.56,91.3,8.7,21.05,22.63,0.46,61.01,1.94,88.26,244.0,9114,0,1,19.54,,"BIS, IMF COFER, Atlas Institute 2025, JPMorgan, CFR, Deutsche Bank 2026 + synthetic"
2019,8,2019-08-01,64.53,91.56,8.44,21.57,22.32,0.27,60.96,1.94,88.01,175.0,9145,0,1,19.55,,"BIS, IMF COFER, Atlas Institute 2025, JPMorgan, CFR, Deutsche Bank 2026 + synthetic"
2019,9,2019-09-01,60.13,91.56,8.44,21.49,23.99,1.99,61.13,2.01,88.48,271.0,9263,0,1,20.44,,"BIS, IMF COFER, Atlas Institute 2025, JPMorgan, CFR, Deutsche Bank 2026 + synthetic"
2019,10,2019-10-01,63.52,91.02,8.98,23.25,24.36,1.61,60.67,2.01,88.0,209.0,9304,0,1,21.21,,"BIS, IMF COFER, Atlas Institute 2025, JPMorgan, CFR, Deutsche Bank 2026 + synthetic"
2019,11,2019-11-01,62.02,90.99,9.01,23.19,23.23,0.3,60.92,1.93,87.97,214.0,9414,0,1,20.39,,"BIS, IMF COFER, Atlas Institute 2025, JPMorgan, CFR, Deutsche Bank 2026 + synthetic"
2019,12,2019-12-01,61.71,91.6,8.4,23.31,24.01,0.86,61.04,2.02,88.53,288.0,9399,0,1,20.83,,"BIS, IMF COFER, Atlas Institute 2025, JPMorgan, CFR, Deutsche Bank 2026 + synthetic"
2020,1,2020-01-01,38.97,91.4,8.6,23.97,26.39,0.2,58.65,2.35,88.11,311.0,9461,0,1,22.27,,"BIS, IMF COFER, Atlas Institute 2025, JPMorgan, CFR, Deutsche Bank 2026 + synthetic"
2020,2,2020-02-01,42.3,90.48,9.52,24.46,25.49,0.29,58.77,2.3,88.17,401.0,9543,0,1,22.51,,"BIS, IMF COFER, Atlas Institute 2025, JPMorgan, CFR, Deutsche Bank 2026 + synthetic"
2020,3,2020-03-01,40.74,90.98,9.02,25.0,25.4,2.77,58.89,2.28,88.69,447.0,9620,0,1,23.23,,"BIS, IMF COFER, Atlas Institute 2025, JPMorgan, CFR, Deutsche Bank 2026 + synthetic"
2020,4,2020-04-01,42.71,90.82,9.18,25.53,27.7,0.49,58.96,2.37,88.4,378.0,9665,0,1,23.32,,"BIS, IMF COFER, Atlas Institute 2025, JPMorgan, CFR, Deutsche Bank 2026 + synthetic"
2020,5,2020-05-01,45.59,90.71,9.29,26.22,27.16,2.59,59.3,2.28,88.54,413.0,9788,0,1,23.89,,"BIS, IMF COFER, Atlas Institute 2025, JPMorgan, CFR, Deutsche Bank 2026 + synthetic"
2020,6,2020-06-01,45.28,90.61,9.39,26.86,26.82,2.05,58.65,2.23,88.02,492.0,9830,0,1,23.79,,"BIS, IMF COFER, Atlas Institute 2025, JPMorgan, CFR, Deutsche Bank 2026 + synthetic"
2020,7,2020-07-01,41.15,90.37,9.63,26.29,25.95,1.22,59.0,2.28,88.16,362.0,9869,0,1,23.46,,"BIS, IMF COFER, Atlas Institute 2025, JPMorgan, CFR, Deutsche Bank 2026 + synthetic"
2020,8,2020-08-01,43.67,90.43,9.57,26.39,26.14,1.12,58.89,2.3,88.61,362.0,9915,0,1,23.55,,"BIS, IMF COFER, Atlas Institute 2025, JPMorgan, CFR, Deutsche Bank 2026 + synthetic"
2020,9,2020-09-01,41.69,90.17,9.83,26.42,27.28,0.33,59.3,2.31,88.75,498.0,10001,0,1,23.56,,"BIS, IMF COFER, Atlas Institute 2025, JPMorgan, CFR, Deutsche Bank 2026 + synthetic"
2020,10,2020-10-01,38.89,90.08,9.92,27.69,27.6,1.2,59.01,2.33,88.48,428.0,10028,0,1,24.41,,"BIS, IMF COFER, Atlas Institute 2025, JPMorgan, CFR, Deutsche Bank 2026 + synthetic"
2020,11,2020-11-01,40.48,90.18,9.82,28.92,27.07,1.34,58.77,2.23,88.73,386.0,10144,0,1,24.51,,"BIS, IMF COFER, Atlas Institute 2025, JPMorgan, CFR, Deutsche Bank 2026 + synthetic"
2020,12,2020-12-01,39.66,90.14,9.86,29.57,27.24,1.39,58.79,2.25,88.33,424.0,10108,0,1,24.87,,"BIS, IMF COFER, Atlas Institute 2025, JPMorgan, CFR, Deutsche Bank 2026 + synthetic"
2021,1,2021-01-01,68.35,90.02,9.98,30.11,28.4,2.4,58.64,2.84,88.61,647.0,10308,4,1,34.98,,"BIS, IMF COFER, Atlas Institute 2025, JPMorgan, CFR, Deutsche Bank 2026 + synthetic"
2021,2,2021-02-01,69.18,90.33,9.67,31.02,30.69,0.76,59.02,2.74,88.59,563.0,10319,4,1,34.67,,"BIS, IMF COFER, Atlas Institute 2025, JPMorgan, CFR, Deutsche Bank 2026 + synthetic"
2021,3,2021-03-01,71.78,89.98,10.02,31.57,30.93,2.47,58.61,2.7,88.45,663.0,10395,4,1,35.38,,"BIS, IMF COFER, Atlas Institute 2025, JPMorgan, CFR, Deutsche Bank 2026 + synthetic"
2021,4,2021-04-01,73.94,89.59,10.41,32.47,32.22,2.1,59.03,2.85,88.01,527.0,10470,4,1,36.35,,"BIS, IMF COFER, Atlas Institute 2025, JPMorgan, CFR, Deutsche Bank 2026 + synthetic"
2021,5,2021-05-01,71.24,89.59,10.41,32.52,33.71,2.27,58.65,2.81,88.42,683.0,10530,4,1,36.46,,"BIS, IMF COFER, Atlas Institute 2025, JPMorgan, CFR, Deutsche Bank 2026 + synthetic"
2021,6,2021-06-01,73.91,89.49,10.51,33.38,33.82,2.82,58.91,2.86,88.62,576.0,10539,4,1,37.16,,"BIS, IMF COFER, Atlas Institute 2025, JPMorgan, CFR, Deutsche Bank 2026 + synthetic"
2021,7,2021-07-01,75.21,89.93,10.07,33.68,37.16,2.99,58.69,2.76,87.87,636.0,10628,4,1,37.22,,"BIS, IMF COFER, Atlas Institute 2025, JPMorgan, CFR, Deutsche Bank 2026 + synthetic"
2021,8,2021-08-01,77.25,89.63,10.37,35.47,39.24,1.19,58.8,2.76,87.93,690.0,10698,4,1,37.67,,"BIS, IMF COFER, Atlas Institute 2025, JPMorgan, CFR, Deutsche Bank 2026 + synthetic"
2021,9,2021-09-01,68.84,88.62,11.38,34.3,37.46,1.15,58.88,2.85,88.15,561.0,10722,4,1,37.64,,"BIS, IMF COFER, Atlas Institute 2025, JPMorgan, CFR, Deutsche Bank 2026 + synthetic"
2021,10,2021-10-01,70.53,89.16,10.84,35.61,39.92,0.7,58.88,2.79,88.65,611.0,10828,4,1,37.87,,"BIS, IMF COFER, Atlas Institute 2025, JPMorgan, CFR, Deutsche Bank 2026 + synthetic"
2021,11,2021-11-01,65.63,89.29,10.71,36.72,42.95,2.74,59.09,2.77,88.94,618.0,10895,4,1,39.16,,"BIS, IMF COFER, Atlas Institute 2025, JPMorgan, CFR, Deutsche Bank 2026 + synthetic"
2021,12,2021-12-01,71.96,89.07,10.93,37.88,45.15,1.4,58.74,2.66,88.65,654.0,10942,4,1,39.1,,"BIS, IMF COFER, Atlas Institute 2025, JPMorgan, CFR, Deutsche Bank 2026 + synthetic"
2022,1,2022-01-01,101.99,88.45,11.55,37.9,44.82,3.47,58.46,2.77,88.45,867.0,10982,4,1,40.25,,"BIS, IMF COFER, Atlas Institute 2025, JPMorgan, CFR, Deutsche Bank 2026 + synthetic"
2022,2,2022-02-01,96.83,88.35,11.65,38.98,49.41,12.72,58.21,2.77,89.07,777.0,11122,4,1,43.98,Russia invasion Ukraine – $300bn reserves frozen,"BIS, IMF COFER, Atlas Institute 2025, JPMorgan, CFR, Deutsche Bank 2026 + synthetic"
2022,3,2022-03-01,111.13,87.99,12.01,38.74,48.83,15.43,58.46,2.78,87.98,796.0,11173,4,1,44.77,,"BIS, IMF COFER, Atlas Institute 2025, JPMorgan, CFR, Deutsche Bank 2026 + synthetic"
2022,4,2022-04-01,93.54,88.15,11.85,39.57,54.74,8.17,58.38,2.84,87.66,915.0,11235,4,1,43.71,,"BIS, IMF COFER, Atlas Institute 2025, JPMorgan, CFR, Deutsche Bank 2026 + synthetic"
2022,5,2022-05-01,107.78,88.33,11.67,40.54,56.29,10.49,58.25,2.81,88.3,796.0,11274,4,1,44.77,,"BIS, IMF COFER, Atlas Institute 2025, JPMorgan, CFR, Deutsche Bank 2026 + synthetic"
2022,6,2022-06-01,104.73,87.74,12.26,41.21,58.11,17.32,58.26,2.81,88.1,808.0,11418,4,1,47.47,Saudi-China yuan oil talks intensify,"BIS, IMF COFER, Atlas Institute 2025, JPMorgan, CFR, Deutsche Bank 2026 + synthetic"
2022,7,2022-07-01,105.11,87.66,12.34,42.54,59.18,18.15,58.64,2.8,88.12,850.0,11535,4,1,48.31,,"BIS, IMF COFER, Atlas Institute 2025, JPMorgan, CFR, Deutsche Bank 2026 + synthetic"
2022,8,2022-08-01,107.42,86.89,13.11,42.94,62.85,14.39,58.6,2.81,87.24,747.0,11544,4,1,47.99,,"BIS, IMF COFER, Atlas Institute 2025, JPMorgan, CFR, Deutsche Bank 2026 + synthetic"
2022,9,2022-09-01,100.51,87.26,12.74,44.75,63.79,16.43,58.21,2.82,87.75,933.0,11675,4,1,49.32,,"BIS, IMF COFER, Atlas Institute 2025, JPMorgan, CFR, Deutsche Bank 2026 + synthetic"
2022,10,2022-10-01,108.0,86.88,13.12,44.34,69.56,8.67,58.3,2.74,87.51,827.0,11768,4,1,47.31,OPEC+ -2mbd cut defies US,"BIS, IMF COFER, Atlas Institute 2025, JPMorgan, CFR, Deutsche Bank 2026 + synthetic"
2022,11,2022-11-01,97.12,86.4,13.6,44.9,70.33,13.88,58.59,2.7,87.36,830.0,11869,4,1,49.2,,"BIS, IMF COFER, Atlas Institute 2025, JPMorgan, CFR, Deutsche Bank 2026 + synthetic"
2022,12,2022-12-01,101.57,85.8,14.2,47.11,72.26,10.7,58.27,2.76,87.2,851.0,11893,4,1,49.65,,"BIS, IMF COFER, Atlas Institute 2025, JPMorgan, CFR, Deutsche Bank 2026 + synthetic"
2023,1,2023-01-01,83.41,85.96,14.04,46.93,75.34,35.2,57.39,2.43,87.36,999.0,12038,5,1,57.99,,"BIS, IMF COFER, Atlas Institute 2025, JPMorgan, CFR, Deutsche Bank 2026 + synthetic"
2023,2,2023-02-01,78.98,85.48,14.52,47.65,75.58,30.04,57.3,2.42,86.84,950.0,12079,5,1,56.85,,"BIS, IMF COFER, Atlas Institute 2025, JPMorgan, CFR, Deutsche Bank 2026 + synthetic"
2023,3,2023-03-01,82.57,85.03,14.97,47.7,75.81,31.52,56.69,2.43,87.32,961.0,12182,5,1,57.51,,"BIS, IMF COFER, Atlas Institute 2025, JPMorgan, CFR, Deutsche Bank 2026 + synthetic"
2023,4,2023-04-01,80.88,85.44,14.56,47.63,79.03,35.11,57.67,2.34,87.17,1013.0,12260,5,1,58.49,Saudi Arabia joins Shanghai Cooperation Organization,"BIS, IMF COFER, Atlas Institute 2025, JPMorgan, CFR, Deutsche Bank 2026 + synthetic"
2023,5,2023-05-01,85.87,84.55,15.45,48.2,78.26,37.89,57.28,2.39,86.94,1103.0,12394,5,1,59.88,,"BIS, IMF COFER, Atlas Institute 2025, JPMorgan, CFR, Deutsche Bank 2026 + synthetic"
2023,6,2023-06-01,90.4,85.46,14.54,48.32,81.15,38.13,57.27,2.36,86.72,1060.0,12423,5,1,59.97,,"BIS, IMF COFER, Atlas Institute 2025, JPMorgan, CFR, Deutsche Bank 2026 + synthetic"
2023,7,2023-07-01,86.79,84.45,15.55,49.54,82.33,25.78,57.44,2.44,86.87,1041.0,12510,5,1,57.39,,"BIS, IMF COFER, Atlas Institute 2025, JPMorgan, CFR, Deutsche Bank 2026 + synthetic"
2023,8,2023-08-01,80.86,84.32,15.68,50.55,82.29,25.17,57.07,2.48,86.66,1044.0,12590,5,1,57.76,"BRICS expands to 9 members (Saudi, UAE, Iran, Egypt, Ethiopia)","BIS, IMF COFER, Atlas Institute 2025, JPMorgan, CFR, Deutsche Bank 2026 + synthetic"
2023,9,2023-09-01,84.95,83.51,16.49,50.08,83.27,31.02,57.61,2.39,86.28,1004.0,12641,5,1,59.39,,"BIS, IMF COFER, Atlas Institute 2025, JPMorgan, CFR, Deutsche Bank 2026 + synthetic"
2023,10,2023-10-01,77.36,83.82,16.18,50.92,84.59,38.94,57.29,2.45,86.99,1111.0,12786,5,1,62.33,,"BIS, IMF COFER, Atlas Institute 2025, JPMorgan, CFR, Deutsche Bank 2026 + synthetic"
2023,11,2023-11-01,76.7,83.1,16.9,50.83,85.44,28.81,57.3,2.55,86.23,1097.0,12781,5,1,59.89,,"BIS, IMF COFER, Atlas Institute 2025, JPMorgan, CFR, Deutsche Bank 2026 + synthetic"
2023,12,2023-12-01,82.86,83.13,16.87,52.03,86.11,32.27,57.4,2.41,86.49,1047.0,12975,5,1,60.98,,"BIS, IMF COFER, Atlas Institute 2025, JPMorgan, CFR, Deutsche Bank 2026 + synthetic"
2024,1,2024-01-01,76.81,82.92,17.08,51.8,86.51,43.9,56.91,2.51,86.33,1159.0,13043,6,1,66.7,Saudi Arabia formally joins BRICS (Jan 1 2024),"BIS, IMF COFER, Atlas Institute 2025, JPMorgan, CFR, Deutsche Bank 2026 + synthetic"
2024,2,2024-02-01,77.46,82.84,17.16,52.05,89.5,36.29,57.24,2.42,86.59,1222.0,13105,6,1,64.56,Saudi Arabia joins mBridge CBDC project,"BIS, IMF COFER, Atlas Institute 2025, JPMorgan, CFR, Deutsche Bank 2026 + synthetic"
2024,3,2024-03-01,83.46,82.1,17.9,52.01,89.17,30.98,57.09,2.55,86.23,1235.0,13192,6,1,63.58,,"BIS, IMF COFER, Atlas Institute 2025, JPMorgan, CFR, Deutsche Bank 2026 + synthetic"
2024,4,2024-04-01,83.65,82.01,17.99,51.9,88.33,47.3,57.05,2.52,85.49,1185.0,13265,6,1,68.27,,"BIS, IMF COFER, Atlas Institute 2025, JPMorgan, CFR, Deutsche Bank 2026 + synthetic"
2024,5,2024-05-01,82.77,82.11,17.89,53.01,87.06,30.29,57.04,2.5,85.67,1187.0,13303,6,1,63.34,,"BIS, IMF COFER, Atlas Institute 2025, JPMorgan, CFR, Deutsche Bank 2026 + synthetic"
2024,6,2024-06-01,79.9,81.5,18.5,52.94,87.99,36.38,56.92,2.55,85.69,1239.0,13430,6,1,65.6,Saudi Arabia lets 1974 petrodollar deal lapse (no renewal),"BIS, IMF COFER, Atlas Institute 2025, JPMorgan, CFR, Deutsche Bank 2026 + synthetic"
2024,7,2024-07-01,78.25,81.6,18.4,52.58,90.71,47.52,57.37,2.57,85.52,1300.0,13502,6,1,69.15,,"BIS, IMF COFER, Atlas Institute 2025, JPMorgan, CFR, Deutsche Bank 2026 + synthetic"
2024,8,2024-08-01,83.0,80.67,19.33,53.37,89.58,31.07,57.04,2.46,85.46,1212.0,13612,6,1,64.3,,"BIS, IMF COFER, Atlas Institute 2025, JPMorgan, CFR, Deutsche Bank 2026 + synthetic"
2024,9,2024-09-01,85.57,80.85,19.15,53.11,87.92,38.56,57.18,2.54,85.55,1225.0,13677,6,1,66.46,,"BIS, IMF COFER, Atlas Institute 2025, JPMorgan, CFR, Deutsche Bank 2026 + synthetic"
2024,10,2024-10-01,79.7,80.44,19.56,54.07,88.5,32.0,56.83,2.48,85.33,1285.0,13755,6,1,64.85,,"BIS, IMF COFER, Atlas Institute 2025, JPMorgan, CFR, Deutsche Bank 2026 + synthetic"
2024,11,2024-11-01,76.98,79.94,20.06,54.37,91.59,45.21,56.86,2.49,85.18,1266.0,13758,6,1,69.44,,"BIS, IMF COFER, Atlas Institute 2025, JPMorgan, CFR, Deutsche Bank 2026 + synthetic"
2024,12,2024-12-01,77.41,80.24,19.76,53.92,88.64,41.91,57.29,2.53,84.72,1282.0,13922,6,1,67.99,UAE breaks OPEC+ quota; unilateral output hike,"BIS, IMF COFER, Atlas Institute 2025, JPMorgan, CFR, Deutsche Bank 2026 + synthetic"
2025,1,2025-01-01,74.87,80.3,19.7,53.78,89.61,35.26,56.87,2.65,84.95,1403.0,14001,8,1,70.19,,"BIS, IMF COFER, Atlas Institute 2025, JPMorgan, CFR, Deutsche Bank 2026 + synthetic"
2025,2,2025-02-01,72.37,80.47,19.53,54.47,91.44,34.56,56.77,2.66,85.09,1413.0,14022,8,1,70.44,,"BIS, IMF COFER, Atlas Institute 2025, JPMorgan, CFR, Deutsche Bank 2026 + synthetic"
2025,3,2025-03-01,78.15,79.77,20.23,53.43,91.1,37.37,57.04,2.72,85.33,1403.0,13962,8,1,71.25,Iran-US conflict begins; Hormuz shipping disrupted,"BIS, IMF COFER, Atlas Institute 2025, JPMorgan, CFR, Deutsche Bank 2026 + synthetic"
2025,4,2025-04-01,75.12,80.36,19.64,53.94,89.81,49.0,56.68,2.6,84.53,1366.0,14014,8,1,74.21,Reports: Hormuz passage offered for yuan payments,"BIS, IMF COFER, Atlas Institute 2025, JPMorgan, CFR, Deutsche Bank 2026 + synthetic"
2025,5,2025-05-01,75.29,80.43,19.57,54.64,90.44,33.94,56.6,2.75,85.11,1449.0,13977,8,1,70.52,UAE increases output 400kbd outside OPEC+ framework,"BIS, IMF COFER, Atlas Institute 2025, JPMorgan, CFR, Deutsche Bank 2026 + synthetic"
2025,6,2025-06-01,72.44,79.9,20.1,54.18,90.54,43.64,56.59,2.71,84.92,1418.0,13994,8,1,73.28,,"BIS, IMF COFER, Atlas Institute 2025, JPMorgan, CFR, Deutsche Bank 2026 + synthetic"
2025,7,2025-07-01,76.28,79.6,20.4,52.63,88.73,42.83,56.85,2.62,85.16,1477.0,14028,8,1,72.04,,"BIS, IMF COFER, Atlas Institute 2025, JPMorgan, CFR, Deutsche Bank 2026 + synthetic"
2025,8,2025-08-01,76.26,79.65,20.35,53.97,91.97,43.1,56.73,2.71,84.72,1362.0,14012,8,1,73.27,,"BIS, IMF COFER, Atlas Institute 2025, JPMorgan, CFR, Deutsche Bank 2026 + synthetic"
2025,9,2025-09-01,72.0,80.54,19.46,54.13,90.72,30.66,56.8,2.71,84.82,1507.0,13977,8,1,69.21,,"BIS, IMF COFER, Atlas Institute 2025, JPMorgan, CFR, Deutsche Bank 2026 + synthetic"
2025,10,2025-10-01,71.25,79.66,20.34,53.31,90.2,30.24,56.8,2.67,84.83,1509.0,14047,8,1,68.86,,"BIS, IMF COFER, Atlas Institute 2025, JPMorgan, CFR, Deutsche Bank 2026 + synthetic"
2025,11,2025-11-01,69.17,80.38,19.62,53.16,88.45,35.73,56.48,2.69,84.52,1489.0,14012,8,1,70.1,,"BIS, IMF COFER, Atlas Institute 2025, JPMorgan, CFR, Deutsche Bank 2026 + synthetic"
2025,12,2025-12-01,70.86,79.68,20.32,54.8,89.65,34.21,57.25,2.74,84.98,1376.0,14015,8,1,70.74,,"BIS, IMF COFER, Atlas Institute 2025, JPMorgan, CFR, Deutsche Bank 2026 + synthetic"
